id,ticker,financialGroup,displayName,createdAt,updatedAt
1,A1CAP,XI_29,Seri XI No:29 Konsolide Olmayan,2025-10-19 20:01:42.581,2025-10-19 22:23:48.606
2,A1YEN,XI_29,Seri XI No:29 Konsolide Olmayan,2025-10-19 20:01:47.537,2025-10-19 22:23:49.963
3,ACSEL,XI_29,Seri XI No:29 Konsolide Olmayan,2025-10-19 20:01:52.815,2025-10-19 22:23:51.961
4,ADEL,XI_29,Seri XI No:29 Konsolide Olmayan,2025-10-19 20:01:55.013,2025-10-19 22:23:53.527
5,ADESE,XI_29,Seri XI No:29 Konsolide Olmayan,2025-10-19 20:01:56.582,2025-10-19 22:23:54.612
6,ADGYO,XI_29,Seri XI No:29 Konsolide Olmayan,2025-10-19 20:01:58,2025-10-19 22:23:55.943
7,AEFES,XI_29,Seri XI No:29 Konsolide Olmayan,2025-10-19 20:01:59.425,2025-10-19 22:23:57.408
8,AFYON,XI_29,Seri XI No:29 Konsolide Olmayan,2025-10-19 20:02:00.501,2025-10-19 22:23:58.764
9,AGESA,UFRS_K,Konsolide UFRS,2025-10-19 20:02:02.038,2025-10-19 22:24:00.306
10,AGHOL,XI_29,Seri XI No:29 Konsolide Olmayan,2025-10-19 20:02:03.475,2025-10-19 22:24:01.401
11,AGROT,XI_29,Seri XI No:29 Konsolide Olmayan,2025-10-19 20:02:04.893,2025-10-19 22:24:02.76
12,AGYO,XI_29,Seri XI No:29 Konsolide Olmayan,2025-10-19 20:02:06.334,2025-10-19 22:24:04.139
13,AHGAZ,XI_29,Seri XI No:29 Konsolide Olmayan,2025-10-19 20:02:07.7,2025-10-19 22:24:05.606
14,AHSGY,XI_29,Seri XI No:29 Konsolide Olmayan,2025-10-19 20:02:09.063,2025-10-19 22:24:07.028
15,AKBNK,UFRS_K,Konsolide UFRS,2025-10-19 20:02:10.488,2025-10-19 22:24:08.696
16,AKCNS,XI_29,Seri XI No:29 Konsolide Olmayan,2025-10-19 20:02:11.691,2025-10-19 22:24:10.224
17,AKENR,XI_29,Seri XI No:29 Konsolide Olmayan,2025-10-19 20:02:13.042,2025-10-19 22:24:11.72
18,AKFGY,XI_29,Seri XI No:29 Konsolide Olmayan,2025-10-19 20:02:14.43,2025-10-19 22:24:13.199
19,AKFIS,XI_29,Seri XI No:29 Konsolide Olmayan,2025-10-19 20:02:15.826,2025-10-19 22:24:14.607
20,AKFYE,XI_29,Seri XI No:29 Konsolide Olmayan,2025-10-19 20:02:17.223,2025-10-19 22:24:16.059
1201,AKGRT,UFRS_K,Konsolide UFRS,2025-10-19 22:10:31.234,2025-10-19 22:24:17.621
22,AKMGY,XI_29,Seri XI No:29 Konsolide Olmayan,2025-10-19 20:02:19.832,2025-10-19 22:24:19.234
23,AKSA,XI_29,Seri XI No:29 Konsolide Olmayan,2025-10-19 20:02:21.243,2025-10-19 22:24:20.86
24,AKSEN,XI_29,Seri XI No:29 Konsolide Olmayan,2025-10-19 20:02:22.651,2025-10-19 22:24:22.304
25,AKSGY,XI_29,Seri XI No:29 Konsolide Olmayan,2025-10-19 20:02:24.107,2025-10-19 22:24:23.739
26,AKSUE,XI_29,Seri XI No:29 Konsolide Olmayan,2025-10-19 20:02:25.698,2025-10-19 22:24:25.142
27,AKYHO,XI_29,Seri XI No:29 Konsolide Olmayan,2025-10-19 20:02:27.061,2025-10-19 22:24:26.472
28,ALARK,XI_29,Seri XI No:29 Konsolide Olmayan,2025-10-19 20:02:28.677,2025-10-19 22:24:27.552
29,ALBRK,UFRS_K,Konsolide UFRS,2025-10-19 20:02:30.15,2025-10-19 22:24:29.069
30,ALCAR,XI_29,Seri XI No:29 Konsolide Olmayan,2025-10-19 20:02:31.546,2025-10-19 22:24:30.606
31,ALCTL,XI_29,Seri XI No:29 Konsolide Olmayan,2025-10-19 20:02:32.915,2025-10-19 22:24:31.978
32,ALFAS,XI_29,Seri XI No:29 Konsolide Olmayan,2025-10-19 20:02:34.287,2025-10-19 22:24:33.362
33,ALGYO,XI_29,Seri XI No:29 Konsolide Olmayan,2025-10-19 20:02:35.766,2025-10-19 22:24:36.451
34,ALKA,XI_29,Seri XI No:29 Konsolide Olmayan,2025-10-19 20:02:37.225,2025-10-19 22:24:42.071
35,ALKIM,XI_29,Seri XI No:29 Konsolide Olmayan,2025-10-19 20:02:38.66,2025-10-19 22:24:45.954
36,ALKLC,XI_29,Seri XI No:29 Konsolide Olmayan,2025-10-19 20:02:40.026,2025-10-19 22:24:50.418
37,ALTNY,XI_29,Seri XI No:29 Konsolide Olmayan,2025-10-19 20:02:41.638,2025-10-19 22:24:54.031
38,ALVES,XI_29,Seri XI No:29 Konsolide Olmayan,2025-10-19 20:02:43.061,2025-10-19 22:24:57.617
39,ANELE,XI_29,Seri XI No:29 Konsolide Olmayan,2025-10-19 20:02:44.496,2025-10-19 22:25:01.6
40,ANGEN,XI_29,Seri XI No:29 Konsolide Olmayan,2025-10-19 20:02:45.898,2025-10-19 22:25:03.462
41,ANHYT,UFRS_K,Konsolide UFRS,2025-10-19 20:02:47.619,2025-10-19 22:25:05.039
42,ANSGR,UFRS_K,Konsolide UFRS,2025-10-19 20:02:49.346,2025-10-19 22:25:09.445
43,ARASE,XI_29,Seri XI No:29 Konsolide Olmayan,2025-10-19 20:02:50.857,2025-10-19 22:25:11.897
44,ARCLK,XI_29,Seri XI No:29 Konsolide Olmayan,2025-10-19 20:02:52.358,2025-10-19 22:25:15.656
45,ARDYZ,XI_29,Seri XI No:29 Konsolide Olmayan,2025-10-19 20:02:53.819,2025-10-19 22:25:21.36
46,ARENA,XI_29,Seri XI No:29 Konsolide Olmayan,2025-10-19 20:02:55.105,2025-10-19 22:25:24.944
47,ARMGD,XI_29,Seri XI No:29 Konsolide Olmayan,2025-10-19 20:02:56.547,2025-10-19 22:25:26.305
48,ARSAN,XI_29,Seri XI No:29 Konsolide Olmayan,2025-10-19 20:02:57.963,2025-10-19 22:25:27.717
49,ARTMS,XI_29,Seri XI No:29 Konsolide Olmayan,2025-10-19 20:02:59.494,2025-10-19 22:25:29.198
50,ARZUM,XI_29,Seri XI No:29 Konsolide Olmayan,2025-10-19 20:03:00.979,2025-10-19 22:25:30.598
51,ASELS,XI_29,Seri XI No:29 Konsolide Olmayan,2025-10-19 20:03:02.574,2025-10-19 22:25:32.127
52,ASGYO,XI_29,Seri XI No:29 Konsolide Olmayan,2025-10-19 20:03:04.039,2025-10-19 22:25:33.559
53,ASTOR,XI_29,Seri XI No:29 Konsolide Olmayan,2025-10-19 20:03:05.156,2025-10-19 22:25:34.987
54,ASUZU,XI_29,Seri XI No:29 Konsolide Olmayan,2025-10-19 20:03:06.592,2025-10-19 22:25:36.397
55,ATAGY,XI_29,Seri XI No:29 Konsolide Olmayan,2025-10-19 20:03:08.037,2025-10-19 22:25:37.875
56,ATAKP,XI_29,Seri XI No:29 Konsolide Olmayan,2025-10-19 20:03:09.52,2025-10-19 22:25:39.248
57,ATATP,XI_29,Seri XI No:29 Konsolide Olmayan,2025-10-19 20:03:10.619,2025-10-19 22:25:40.815
58,ATEKS,XI_29,Seri XI No:29 Konsolide Olmayan,2025-10-19 20:03:12.031,2025-10-19 22:25:42.151
59,ATLAS,XI_29,Seri XI No:29 Konsolide Olmayan,2025-10-19 20:03:13.504,2025-10-19 22:25:43.503
60,ATSYH,XI_29,Seri XI No:29 Konsolide Olmayan,2025-10-19 20:03:14.939,2025-10-19 22:25:44.846
61,AVGYO,XI_29,Seri XI No:29 Konsolide Olmayan,2025-10-19 20:03:16.423,2025-10-19 22:25:46.201
62,AVHOL,XI_29,Seri XI No:29 Konsolide Olmayan,2025-10-19 20:03:17.779,2025-10-19 22:25:47.557
63,AVOD,XI_29,Seri XI No:29 Konsolide Olmayan,2025-10-19 20:03:18.814,2025-10-19 22:25:48.895
64,AVPGY,XI_29,Seri XI No:29 Konsolide Olmayan,2025-10-19 20:03:20.195,2025-10-19 22:25:50.249
65,AVTUR,XI_29,Seri XI No:29 Konsolide Olmayan,2025-10-19 20:03:21.652,2025-10-19 22:25:51.663
66,AYCES,XI_29,Seri XI No:29 Konsolide Olmayan,2025-10-19 20:03:23.175,2025-10-19 22:25:53.023
67,AYDEM,XI_29,Seri XI No:29 Konsolide Olmayan,2025-10-19 20:03:24.674,2025-10-19 22:25:54.061
68,AYEN,XI_29,Seri XI No:29 Konsolide Olmayan,2025-10-19 20:03:26.126,2025-10-19 22:25:55.489
69,AYES,XI_29,Seri XI No:29 Konsolide Olmayan,2025-10-19 20:03:27.694,2025-10-19 22:25:57.009
70,AYGAZ,XI_29,Seri XI No:29 Konsolide Olmayan,2025-10-19 20:03:29.332,2025-10-19 22:25:58.534
71,AZTEK,XI_29,Seri XI No:29 Konsolide Olmayan,2025-10-19 20:03:30.932,2025-10-19 22:25:59.993
72,BAGFS,XI_29,Seri XI No:29 Konsolide Olmayan,2025-10-19 20:03:33.032,2025-10-19 22:26:01.42
73,BAHKM,XI_29,Seri XI No:29 Konsolide Olmayan,2025-10-19 20:03:34.437,2025-10-19 22:26:02.816
74,BAKAB,XI_29,Seri XI No:29 Konsolide Olmayan,2025-10-19 20:03:35.823,2025-10-19 22:26:04.275
75,BALAT,XI_29,Seri XI No:29 Konsolide Olmayan,2025-10-19 20:03:36.972,2025-10-19 22:26:05.717
76,BALSU,XI_29,Seri XI No:29 Konsolide Olmayan,2025-10-19 20:03:38.475,2025-10-19 22:26:07.139
77,BANVT,XI_29,Seri XI No:29 Konsolide Olmayan,2025-10-19 20:03:39.88,2025-10-19 22:26:08.319
78,BARMA,XI_29,Seri XI No:29 Konsolide Olmayan,2025-10-19 20:03:41.245,2025-10-19 22:26:09.685
79,BASCM,XI_29,Seri XI No:29 Konsolide Olmayan,2025-10-19 20:03:42.763,2025-10-19 22:26:11.263
80,BASGZ,XI_29,Seri XI No:29 Konsolide Olmayan,2025-10-19 20:03:43.958,2025-10-19 22:26:12.344
81,BAYRK,XI_29,Seri XI No:29 Konsolide Olmayan,2025-10-19 20:03:45.34,2025-10-19 22:26:13.675
82,BEGYO,XI_29,Seri XI No:29 Konsolide Olmayan,2025-10-19 20:03:46.762,2025-10-19 22:26:15.121
83,BERA,XI_29,Seri XI No:29 Konsolide Olmayan,2025-10-19 20:03:48.369,2025-10-19 22:26:16.148
84,BESLR,XI_29,Seri XI No:29 Konsolide Olmayan,2025-10-19 20:03:49.79,2025-10-19 22:26:17.534
85,BEYAZ,XI_29,Seri XI No:29 Konsolide Olmayan,2025-10-19 20:03:51.266,2025-10-19 22:26:19.027
86,BFREN,XI_29,Seri XI No:29 Konsolide Olmayan,2025-10-19 20:03:52.622,2025-10-19 22:26:20.459
87,BIENY,XI_29,Seri XI No:29 Konsolide Olmayan,2025-10-19 20:03:54.228,2025-10-19 22:26:21.903
88,BIGCH,XI_29,Seri XI No:29 Konsolide Olmayan,2025-10-19 20:03:55.766,2025-10-19 22:26:23.525
89,BIGEN,XI_29,Seri XI No:29 Konsolide Olmayan,2025-10-19 20:03:57.216,2025-10-19 22:26:24.969
90,BIMAS,XI_29,Seri XI No:29 Konsolide Olmayan,2025-10-19 20:03:58.639,2025-10-19 22:26:26.383
91,BINBN,XI_29,Seri XI No:29 Konsolide Olmayan,2025-10-19 20:04:00.054,2025-10-19 22:26:27.839
92,BINHO,XI_29,Seri XI No:29 Konsolide Olmayan,2025-10-19 20:04:01.473,2025-10-19 22:26:28.936
93,BIOEN,XI_29,Seri XI No:29 Konsolide Olmayan,2025-10-19 20:04:02.913,2025-10-19 22:26:30.409
94,BIZIM,XI_29,Seri XI No:29 Konsolide Olmayan,2025-10-19 20:04:04.334,2025-10-19 22:26:31.815
95,BJKAS,XI_29,Seri XI No:29 Konsolide Olmayan,2025-10-19 20:04:05.797,2025-10-19 22:26:32.966
96,BLCYT,XI_29,Seri XI No:29 Konsolide Olmayan,2025-10-19 20:04:07.186,2025-10-19 22:26:34.336
97,BLUME,XI_29,Seri XI No:29 Konsolide Olmayan,2025-10-19 20:04:08.582,2025-10-19 22:26:36.138
98,BMSCH,XI_29,Seri XI No:29 Konsolide Olmayan,2025-10-19 20:04:09.965,2025-10-19 22:26:37.457
99,BMSTL,XI_29,Seri XI No:29 Konsolide Olmayan,2025-10-19 20:04:11.433,2025-10-19 22:26:38.823
100,BNTAS,XI_29,Seri XI No:29 Konsolide Olmayan,2025-10-19 20:04:12.874,2025-10-19 22:26:40.226
101,BOBET,XI_29,Seri XI No:29 Konsolide Olmayan,2025-10-19 20:04:14.403,2025-10-19 22:26:41.656
102,BORLS,XI_29,Seri XI No:29 Konsolide Olmayan,2025-10-19 20:04:15.83,2025-10-19 22:26:42.707
103,BORSK,XI_29,Seri XI No:29 Konsolide Olmayan,2025-10-19 20:04:17.316,2025-10-19 22:26:43.785
104,BOSSA,XI_29,Seri XI No:29 Konsolide Olmayan,2025-10-19 20:04:18.812,2025-10-19 22:26:45.194
105,BRISA,XI_29,Seri XI No:29 Konsolide Olmayan,2025-10-19 20:04:20.272,2025-10-19 22:26:46.273
106,BRKO,XI_29,Seri XI No:29 Konsolide Olmayan,2025-10-19 20:04:21.678,2025-10-19 22:26:47.685
107,BRKSN,XI_29,Seri XI No:29 Konsolide Olmayan,2025-10-19 20:04:23.071,2025-10-19 22:26:49.03
1288,BRKVY,UFRS_B,UFRS: DO&CO K_Finansallar覺,2025-10-19 22:12:30.275,2025-10-19 22:26:50.468
109,BRLSM,XI_29,Seri XI No:29 Konsolide Olmayan,2025-10-19 20:04:26.04,2025-10-19 22:26:51.481
110,BRMEN,XI_29,Seri XI No:29 Konsolide Olmayan,2025-10-19 20:04:27.503,2025-10-19 22:26:52.809
111,BRSAN,XI_29,Seri XI No:29 Konsolide Olmayan,2025-10-19 20:04:28.734,2025-10-19 22:26:53.904
112,BRYAT,XI_29,Seri XI No:29 Konsolide Olmayan,2025-10-19 20:04:30.221,2025-10-19 22:26:55.4
113,BSOKE,XI_29,Seri XI No:29 Konsolide Olmayan,2025-10-19 20:04:31.384,2025-10-19 22:26:57.131
114,BTCIM,XI_29,Seri XI No:29 Konsolide Olmayan,2025-10-19 20:04:32.844,2025-10-19 22:26:58.547
115,BUCIM,XI_29,Seri XI No:29 Konsolide Olmayan,2025-10-19 20:04:34.443,2025-10-19 22:27:00.007
116,BULGS,XI_29,Seri XI No:29 Konsolide Olmayan,2025-10-19 20:04:35.52,2025-10-19 22:27:01.416
117,BURCE,XI_29,Seri XI No:29 Konsolide Olmayan,2025-10-19 20:04:36.573,2025-10-19 22:27:02.516
118,BURVA,XI_29,Seri XI No:29 Konsolide Olmayan,2025-10-19 20:04:37.979,2025-10-19 22:27:03.873
119,BVSAN,XI_29,Seri XI No:29 Konsolide Olmayan,2025-10-19 20:04:39.086,2025-10-19 22:27:05.325
120,BYDNR,XI_29,Seri XI No:29 Konsolide Olmayan,2025-10-19 20:04:40.519,2025-10-19 22:27:06.745
121,CANTE,XI_29,Seri XI No:29 Konsolide Olmayan,2025-10-19 20:04:41.94,2025-10-19 22:27:07.974
122,CASA,XI_29,Seri XI No:29 Konsolide Olmayan,2025-10-19 20:04:43.321,2025-10-19 22:27:09.39
123,CATES,XI_29,Seri XI No:29 Konsolide Olmayan,2025-10-19 20:04:44.797,2025-10-19 22:27:11.155
124,CCOLA,XI_29,Seri XI No:29 Konsolide Olmayan,2025-10-19 20:04:46.354,2025-10-19 22:27:12.496
125,CELHA,XI_29,Seri XI No:29 Konsolide Olmayan,2025-10-19 20:04:47.899,2025-10-19 22:27:14.021
126,CEMAS,XI_29,Seri XI No:29 Konsolide Olmayan,2025-10-19 20:04:49.316,2025-10-19 22:27:15.373
127,CEMTS,XI_29,Seri XI No:29 Konsolide Olmayan,2025-10-19 20:04:50.734,2025-10-19 22:27:16.783
128,CEMZY,XI_29,Seri XI No:29 Konsolide Olmayan,2025-10-19 20:04:52.166,2025-10-19 22:27:18.423
129,CEOEM,XI_29,Seri XI No:29 Konsolide Olmayan,2025-10-19 20:04:53.176,2025-10-19 22:27:20.757
130,CGCAM,XI_29,Seri XI No:29 Konsolide Olmayan,2025-10-19 20:04:54.54,2025-10-19 22:27:22.179
131,CIMSA,XI_29,Seri XI No:29 Konsolide Olmayan,2025-10-19 20:04:56.114,2025-10-19 22:27:23.208
132,CLEBI,XI_29,Seri XI No:29 Konsolide Olmayan,2025-10-19 20:04:57.585,2025-10-19 22:27:24.57
133,CMBTN,XI_29,Seri XI No:29 Konsolide Olmayan,2025-10-19 20:04:59.081,2025-10-19 22:27:26.015
134,CMENT,XI_29,Seri XI No:29 Konsolide Olmayan,2025-10-19 20:05:00.513,2025-10-19 22:27:27.58
135,CONSE,XI_29,Seri XI No:29 Konsolide Olmayan,2025-10-19 20:05:01.954,2025-10-19 22:27:28.927
136,COSMO,XI_29,Seri XI No:29 Konsolide Olmayan,2025-10-19 20:05:03.46,2025-10-19 22:27:30.309
137,CRDFA,XI_29K,Seri XI No:29 Konsolide,2025-10-19 20:05:04.911,2025-10-19 22:27:31.641
138,CRFSA,XI_29,Seri XI No:29 Konsolide Olmayan,2025-10-19 20:05:06.077,2025-10-19 22:27:32.999
139,CUSAN,XI_29,Seri XI No:29 Konsolide Olmayan,2025-10-19 20:05:07.54,2025-10-19 22:27:34.331
140,CVKMD,XI_29,Seri XI No:29 Konsolide Olmayan,2025-10-19 20:05:09.115,2025-10-19 22:27:35.427
141,CWENE,XI_29,Seri XI No:29 Konsolide Olmayan,2025-10-19 20:05:10.553,2025-10-19 22:27:36.812
142,DAGI,XI_29,Seri XI No:29 Konsolide Olmayan,2025-10-19 20:05:11.998,2025-10-19 22:27:38.213
143,DAPGM,XI_29,Seri XI No:29 Konsolide Olmayan,2025-10-19 20:05:13.426,2025-10-19 22:27:39.271
144,DARDL,XI_29,Seri XI No:29 Konsolide Olmayan,2025-10-19 20:05:14.861,2025-10-19 22:27:40.876
145,DCTTR,XI_29,Seri XI No:29 Konsolide Olmayan,2025-10-19 20:05:16.34,2025-10-19 22:27:42.237
146,DENGE,XI_29,Seri XI No:29 Konsolide Olmayan,2025-10-19 20:05:17.737,2025-10-19 22:27:43.614
147,DERHL,XI_29,Seri XI No:29 Konsolide Olmayan,2025-10-19 20:05:19.098,2025-10-19 22:27:44.957
148,DERIM,XI_29,Seri XI No:29 Konsolide Olmayan,2025-10-19 20:05:20.497,2025-10-19 22:27:46.307
149,DESA,XI_29,Seri XI No:29 Konsolide Olmayan,2025-10-19 20:05:22.45,2025-10-19 22:27:47.71
150,DESPC,XI_29,Seri XI No:29 Konsolide Olmayan,2025-10-19 20:05:23.925,2025-10-19 22:27:49.046
151,DEVA,XI_29,Seri XI No:29 Konsolide Olmayan,2025-10-19 20:05:25.324,2025-10-19 22:27:50.11
152,DGATE,XI_29,Seri XI No:29 Konsolide Olmayan,2025-10-19 20:05:26.812,2025-10-19 22:27:51.508
153,DGGYO,XI_29,Seri XI No:29 Konsolide Olmayan,2025-10-19 20:05:28.266,2025-10-19 22:27:52.83
154,DGNMO,XI_29,Seri XI No:29 Konsolide Olmayan,2025-10-19 20:05:29.801,2025-10-19 22:27:54.219
155,DIRIT,XI_29,Seri XI No:29 Konsolide Olmayan,2025-10-19 20:05:31.333,2025-10-19 22:27:55.578
156,DITAS,XI_29,Seri XI No:29 Konsolide Olmayan,2025-10-19 20:05:32.835,2025-10-19 22:27:56.935
157,DMRGD,XI_29,Seri XI No:29 Konsolide Olmayan,2025-10-19 20:05:34.255,2025-10-19 22:27:58.342
158,DMSAS,XI_29,Seri XI No:29 Konsolide Olmayan,2025-10-19 20:05:35.344,2025-10-19 22:27:59.703
159,DNISI,XI_29,Seri XI No:29 Konsolide Olmayan,2025-10-19 20:05:36.515,2025-10-19 22:28:01.105
160,DOAS,XI_29,Seri XI No:29 Konsolide Olmayan,2025-10-19 20:05:37.585,2025-10-19 22:28:02.25
161,DOBUR,XI_29,Seri XI No:29 Konsolide Olmayan,2025-10-19 20:05:38.616,2025-10-19 22:28:03.692
1342,DOCO,UFRS_A,UFRS: DO&CO Finansallar覺,2025-10-19 22:13:46.985,2025-10-19 22:28:05.124
163,DOFER,XI_29,Seri XI No:29 Konsolide Olmayan,2025-10-19 20:05:40.591,2025-10-19 22:28:07.23
164,DOFRB,XI_29,Seri XI No:29 Konsolide Olmayan,2025-10-19 20:05:42.036,2025-10-19 22:28:08.598
165,DOGUB,XI_29,Seri XI No:29 Konsolide Olmayan,2025-10-19 20:05:43.079,2025-10-19 22:28:10.037
166,DOHOL,XI_29,Seri XI No:29 Konsolide Olmayan,2025-10-19 20:05:44.143,2025-10-19 22:28:11.487
167,DOKTA,XI_29,Seri XI No:29 Konsolide Olmayan,2025-10-19 20:05:45.222,2025-10-19 22:28:13.174
168,DSTKF,XI_29K,Seri XI No:29 Konsolide,2025-10-19 20:05:46.704,2025-10-19 22:28:14.552
169,DUNYH,XI_29,Seri XI No:29 Konsolide Olmayan,2025-10-19 20:05:48.359,2025-10-19 22:28:15.972
170,DURDO,XI_29,Seri XI No:29 Konsolide Olmayan,2025-10-19 20:05:49.409,2025-10-19 22:28:17.293
171,DURKN,XI_29,Seri XI No:29 Konsolide Olmayan,2025-10-19 20:05:50.47,2025-10-19 22:28:18.625
172,DYOBY,XI_29,Seri XI No:29 Konsolide Olmayan,2025-10-19 20:05:51.465,2025-10-19 22:28:20.073
173,DZGYO,XI_29,Seri XI No:29 Konsolide Olmayan,2025-10-19 20:05:52.583,2025-10-19 22:28:21.497
174,EBEBK,XI_29,Seri XI No:29 Konsolide Olmayan,2025-10-19 20:05:53.631,2025-10-19 22:28:22.849
175,ECILC,XI_29,Seri XI No:29 Konsolide Olmayan,2025-10-19 20:05:54.68,2025-10-19 22:28:24.266
176,ECZYT,XI_29,Seri XI No:29 Konsolide Olmayan,2025-10-19 20:05:55.664,2025-10-19 22:28:25.598
177,EDATA,XI_29,Seri XI No:29 Konsolide Olmayan,2025-10-19 20:05:57.236,2025-10-19 22:28:27.037
178,EDIP,XI_29,Seri XI No:29 Konsolide Olmayan,2025-10-19 20:05:58.248,2025-10-19 22:28:28.673
179,EFORC,XI_29,Seri XI No:29 Konsolide Olmayan,2025-10-19 20:05:59.332,2025-10-19 22:28:30.064
180,EGEEN,XI_29,Seri XI No:29 Konsolide Olmayan,2025-10-19 20:06:00.364,2025-10-19 22:28:31.531
181,EGEGY,XI_29,Seri XI No:29 Konsolide Olmayan,2025-10-19 20:06:01.845,2025-10-19 22:28:32.974
182,EGEPO,XI_29,Seri XI No:29 Konsolide Olmayan,2025-10-19 20:06:02.867,2025-10-19 22:28:34.402
183,EGGUB,XI_29,Seri XI No:29 Konsolide Olmayan,2025-10-19 20:06:03.923,2025-10-19 22:28:35.806
184,EGPRO,XI_29,Seri XI No:29 Konsolide Olmayan,2025-10-19 20:06:04.914,2025-10-19 22:28:37.16
185,EGSER,XI_29,Seri XI No:29 Konsolide Olmayan,2025-10-19 20:06:05.97,2025-10-19 22:28:38.721
186,EKGYO,XI_29,Seri XI No:29 Konsolide Olmayan,2025-10-19 20:06:06.972,2025-10-19 22:28:39.83
187,EKIZ,XI_29,Seri XI No:29 Konsolide Olmayan,2025-10-19 20:06:08.014,2025-10-19 22:28:41.264
188,EKOS,XI_29,Seri XI No:29 Konsolide Olmayan,2025-10-19 20:06:08.981,2025-10-19 22:28:42.676
189,EKSUN,XI_29,Seri XI No:29 Konsolide Olmayan,2025-10-19 20:06:10.024,2025-10-19 22:28:44.141
190,ELITE,XI_29,Seri XI No:29 Konsolide Olmayan,2025-10-19 20:06:11.232,2025-10-19 22:28:45.494
191,EMKEL,XI_29,Seri XI No:29 Konsolide Olmayan,2025-10-19 20:06:12.757,2025-10-19 22:28:46.842
192,EMNIS,XI_29,Seri XI No:29 Konsolide Olmayan,2025-10-19 20:06:14.202,2025-10-19 22:28:48.174
193,ENDAE,XI_29,Seri XI No:29 Konsolide Olmayan,2025-10-19 20:06:15.633,2025-10-19 22:28:49.539
194,ENERY,XI_29,Seri XI No:29 Konsolide Olmayan,2025-10-19 20:06:17.12,2025-10-19 22:28:50.637
195,ENJSA,XI_29,Seri XI No:29 Konsolide Olmayan,2025-10-19 20:06:18.326,2025-10-19 22:28:52.078
196,ENKAI,XI_29,Seri XI No:29 Konsolide Olmayan,2025-10-19 20:06:19.691,2025-10-19 22:28:53.448
197,ENSRI,XI_29,Seri XI No:29 Konsolide Olmayan,2025-10-19 20:06:21.106,2025-10-19 22:28:54.892
198,ENTRA,XI_29,Seri XI No:29 Konsolide Olmayan,2025-10-19 20:06:22.513,2025-10-19 22:28:56.22
199,EPLAS,XI_29,Seri XI No:29 Konsolide Olmayan,2025-10-19 20:06:23.93,2025-10-19 22:28:57.592
200,ERBOS,XI_29,Seri XI No:29 Konsolide Olmayan,2025-10-19 20:06:25.489,2025-10-19 22:28:58.946
201,ERCB,XI_29,Seri XI No:29 Konsolide Olmayan,2025-10-19 20:06:26.933,2025-10-19 22:29:00.398
202,EREGL,XI_29,Seri XI No:29 Konsolide Olmayan,2025-10-19 20:06:28.145,2025-10-19 22:29:01.825
203,ERSU,XI_29,Seri XI No:29 Konsolide Olmayan,2025-10-19 20:06:29.633,2025-10-19 22:29:03.188
204,ESCAR,XI_29,Seri XI No:29 Konsolide Olmayan,2025-10-19 20:06:31.182,2025-10-19 22:29:04.59
205,ESCOM,XI_29,Seri XI No:29 Konsolide Olmayan,2025-10-19 20:06:32.537,2025-10-19 22:29:06.025
206,ESEN,XI_29,Seri XI No:29 Konsolide Olmayan,2025-10-19 20:06:34.089,2025-10-19 22:29:07.111
207,ETILR,XI_29,Seri XI No:29 Konsolide Olmayan,2025-10-19 20:06:35.552,2025-10-19 22:29:08.434
208,ETYAT,XI_29,Seri XI No:29 Konsolide Olmayan,2025-10-19 20:06:37.017,2025-10-19 22:29:09.84
209,EUHOL,XI_29,Seri XI No:29 Konsolide Olmayan,2025-10-19 20:06:38.479,2025-10-19 22:29:11.362
210,EUKYO,XI_29,Seri XI No:29 Konsolide Olmayan,2025-10-19 20:06:39.984,2025-10-19 22:29:12.823
211,EUPWR,XI_29,Seri XI No:29 Konsolide Olmayan,2025-10-19 20:06:41.617,2025-10-19 22:29:14.334
212,EUREN,XI_29,Seri XI No:29 Konsolide Olmayan,2025-10-19 20:06:43.071,2025-10-19 22:29:15.791
213,EUYO,XI_29,Seri XI No:29 Konsolide Olmayan,2025-10-19 20:06:44.51,2025-10-19 22:29:17.196
214,EYGYO,XI_29,Seri XI No:29 Konsolide Olmayan,2025-10-19 20:06:45.969,2025-10-19 22:29:18.584
215,FADE,XI_29,Seri XI No:29 Konsolide Olmayan,2025-10-19 20:06:47.111,2025-10-19 22:29:19.931
216,FENER,XI_29,Seri XI No:29 Konsolide Olmayan,2025-10-19 20:06:48.589,2025-10-19 22:29:20.962
217,FLAP,XI_29,Seri XI No:29 Konsolide Olmayan,2025-10-19 20:06:50.011,2025-10-19 22:29:22.41
218,FMIZP,XI_29,Seri XI No:29 Konsolide Olmayan,2025-10-19 20:06:51.588,2025-10-19 22:29:23.884
219,FONET,XI_29,Seri XI No:29 Konsolide Olmayan,2025-10-19 20:06:53.069,2025-10-19 22:29:25.297
220,FORMT,XI_29,Seri XI No:29 Konsolide Olmayan,2025-10-19 20:06:54.51,2025-10-19 22:29:26.663
221,FORTE,XI_29,Seri XI No:29 Konsolide Olmayan,2025-10-19 20:06:55.961,2025-10-19 22:29:28.049
222,FRIGO,XI_29,Seri XI No:29 Konsolide Olmayan,2025-10-19 20:06:57.664,2025-10-19 22:29:29.4
223,FROTO,XI_29,Seri XI No:29 Konsolide Olmayan,2025-10-19 20:06:58.993,2025-10-19 22:29:30.946
224,FZLGY,XI_29,Seri XI No:29 Konsolide Olmayan,2025-10-19 20:07:00.392,2025-10-19 22:29:32.349
225,GARAN,UFRS_K,Konsolide UFRS,2025-10-19 20:07:01.945,2025-10-19 22:29:33.799
226,GARFA,XI_29K,Seri XI No:29 Konsolide,2025-10-19 20:07:03.338,2025-10-19 22:29:35.239
227,GEDIK,XI_29,Seri XI No:29 Konsolide Olmayan,2025-10-19 20:07:04.901,2025-10-19 22:29:36.68
228,GEDZA,XI_29,Seri XI No:29 Konsolide Olmayan,2025-10-19 20:07:06.375,2025-10-19 22:29:38.11
229,GENIL,XI_29,Seri XI No:29 Konsolide Olmayan,2025-10-19 20:07:07.859,2025-10-19 22:29:39.537
230,GENTS,XI_29,Seri XI No:29 Konsolide Olmayan,2025-10-19 20:07:09.274,2025-10-19 22:29:40.955
231,GEREL,XI_29,Seri XI No:29 Konsolide Olmayan,2025-10-19 20:07:10.724,2025-10-19 22:29:42.402
232,GESAN,XI_29,Seri XI No:29 Konsolide Olmayan,2025-10-19 20:07:12.162,2025-10-19 22:29:43.77
233,GIPTA,XI_29,Seri XI No:29 Konsolide Olmayan,2025-10-19 20:07:13.639,2025-10-19 22:29:45.279
234,GLBMD,XI_29,Seri XI No:29 Konsolide Olmayan,2025-10-19 20:07:15.08,2025-10-19 22:29:46.685
235,GLCVY,UFRS_B,UFRS: DO&CO K_Finansallar覺,2025-10-19 20:07:16.741,2025-10-19 22:29:48.026
236,GLRMK,XI_29,Seri XI No:29 Konsolide Olmayan,2025-10-19 20:07:18.221,2025-10-19 22:29:49.331
237,GLRYH,XI_29,Seri XI No:29 Konsolide Olmayan,2025-10-19 20:07:19.803,2025-10-19 22:29:50.636
238,GLYHO,XI_29,Seri XI No:29 Konsolide Olmayan,2025-10-19 20:07:21.273,2025-10-19 22:29:51.98
239,GMTAS,XI_29,Seri XI No:29 Konsolide Olmayan,2025-10-19 20:07:22.789,2025-10-19 22:29:53.373
240,GOKNR,XI_29,Seri XI No:29 Konsolide Olmayan,2025-10-19 20:07:24.299,2025-10-19 22:29:54.73
241,GOLTS,XI_29,Seri XI No:29 Konsolide Olmayan,2025-10-19 20:07:25.808,2025-10-19 22:29:56.132
242,GOODY,XI_29,Seri XI No:29 Konsolide Olmayan,2025-10-19 20:07:27.551,2025-10-19 22:29:57.501
243,GOZDE,XI_29,Seri XI No:29 Konsolide Olmayan,2025-10-19 20:07:29.168,2025-10-19 22:29:58.903
244,GRNYO,XI_29,Seri XI No:29 Konsolide Olmayan,2025-10-19 20:07:30.895,2025-10-19 22:30:00.337
245,GRSEL,XI_29,Seri XI No:29 Konsolide Olmayan,2025-10-19 20:07:32.365,2025-10-19 22:30:02.083
246,GRTHO,XI_29,Seri XI No:29 Konsolide Olmayan,2025-10-19 20:07:33.808,2025-10-19 22:30:03.426
247,GSDDE,XI_29,Seri XI No:29 Konsolide Olmayan,2025-10-19 20:07:35.419,2025-10-19 22:30:05.158
248,GSDHO,XI_29,Seri XI No:29 Konsolide Olmayan,2025-10-19 20:07:36.86,2025-10-19 22:30:06.672
249,GSRAY,XI_29,Seri XI No:29 Konsolide Olmayan,2025-10-19 20:07:38.314,2025-10-19 22:30:08.105
250,GUBRF,XI_29,Seri XI No:29 Konsolide Olmayan,2025-10-19 20:07:39.718,2025-10-19 22:30:09.1
251,GUNDG,XI_29,Seri XI No:29 Konsolide Olmayan,2025-10-19 20:07:41.347,2025-10-19 22:30:10.467
252,GWIND,XI_29,Seri XI No:29 Konsolide Olmayan,2025-10-19 20:07:42.88,2025-10-19 22:30:11.887
253,GZNMI,XI_29,Seri XI No:29 Konsolide Olmayan,2025-10-19 20:07:44.343,2025-10-19 22:30:13.318
254,HALKB,UFRS_K,Konsolide UFRS,2025-10-19 20:07:45.803,2025-10-19 22:30:14.862
255,HATEK,XI_29,Seri XI No:29 Konsolide Olmayan,2025-10-19 20:07:47.22,2025-10-19 22:30:16.347
256,HATSN,XI_29,Seri XI No:29 Konsolide Olmayan,2025-10-19 20:07:48.937,2025-10-19 22:30:17.825
257,HDFGS,XI_29,Seri XI No:29 Konsolide Olmayan,2025-10-19 20:07:50.523,2025-10-19 22:30:19.251
258,HEDEF,XI_29,Seri XI No:29 Konsolide Olmayan,2025-10-19 20:07:51.922,2025-10-19 22:30:20.651
259,HEKTS,XI_29,Seri XI No:29 Konsolide Olmayan,2025-10-19 20:07:53.354,2025-10-19 22:30:22.05
260,HKTM,XI_29,Seri XI No:29 Konsolide Olmayan,2025-10-19 20:07:54.772,2025-10-19 22:30:23.555
261,HLGYO,XI_29,Seri XI No:29 Konsolide Olmayan,2025-10-19 20:07:56.218,2025-10-19 22:30:25
262,HOROZ,XI_29,Seri XI No:29 Konsolide Olmayan,2025-10-19 20:07:57.699,2025-10-19 22:30:26.51
263,HRKET,XI_29,Seri XI No:29 Konsolide Olmayan,2025-10-19 20:07:59.36,2025-10-19 22:30:27.594
264,HTTBT,XI_29,Seri XI No:29 Konsolide Olmayan,2025-10-19 20:08:00.835,2025-10-19 22:30:29.013
265,HUBVC,XI_29,Seri XI No:29 Konsolide Olmayan,2025-10-19 20:08:02.448,2025-10-19 22:30:30.426
266,HUNER,XI_29,Seri XI No:29 Konsolide Olmayan,2025-10-19 20:08:03.914,2025-10-19 22:30:31.839
267,HURGZ,XI_29,Seri XI No:29 Konsolide Olmayan,2025-10-19 20:08:05.633,2025-10-19 22:30:33.243
268,ICBCT,UFRS_K,Konsolide UFRS,2025-10-19 20:08:07.274,2025-10-19 22:30:34.733
269,ICUGS,XI_29,Seri XI No:29 Konsolide Olmayan,2025-10-19 20:08:08.755,2025-10-19 22:30:36.17
270,IDGYO,XI_29,Seri XI No:29 Konsolide Olmayan,2025-10-19 20:08:10.164,2025-10-19 22:30:37.464
271,IEYHO,XI_29,Seri XI No:29 Konsolide Olmayan,2025-10-19 20:08:11.623,2025-10-19 22:30:38.832
272,IHAAS,XI_29,Seri XI No:29 Konsolide Olmayan,2025-10-19 20:08:13.033,2025-10-19 22:30:40.265
273,IHEVA,XI_29,Seri XI No:29 Konsolide Olmayan,2025-10-19 20:08:14.449,2025-10-19 22:30:41.683
274,IHGZT,XI_29,Seri XI No:29 Konsolide Olmayan,2025-10-19 20:08:15.828,2025-10-19 22:30:43.09
275,IHLAS,XI_29,Seri XI No:29 Konsolide Olmayan,2025-10-19 20:08:17.269,2025-10-19 22:30:44.462
276,IHLGM,XI_29,Seri XI No:29 Konsolide Olmayan,2025-10-19 20:08:18.667,2025-10-19 22:30:45.884
277,IHYAY,XI_29,Seri XI No:29 Konsolide Olmayan,2025-10-19 20:08:20.096,2025-10-19 22:30:47.241
278,IMASM,XI_29,Seri XI No:29 Konsolide Olmayan,2025-10-19 20:08:21.191,2025-10-19 22:30:48.594
279,INDES,XI_29,Seri XI No:29 Konsolide Olmayan,2025-10-19 20:08:22.623,2025-10-19 22:30:50.194
280,INFO,XI_29,Seri XI No:29 Konsolide Olmayan,2025-10-19 20:08:24.069,2025-10-19 22:30:51.62
281,INGRM,XI_29,Seri XI No:29 Konsolide Olmayan,2025-10-19 20:08:25.73,2025-10-19 22:30:52.973
282,INTEK,XI_29,Seri XI No:29 Konsolide Olmayan,2025-10-19 20:08:27.081,2025-10-19 22:30:54.273
283,INTEM,XI_29,Seri XI No:29 Konsolide Olmayan,2025-10-19 20:08:28.49,2025-10-19 22:30:55.667
284,INVEO,XI_29,Seri XI No:29 Konsolide Olmayan,2025-10-19 20:08:29.959,2025-10-19 22:30:57.055
285,INVES,XI_29,Seri XI No:29 Konsolide Olmayan,2025-10-19 20:08:31.379,2025-10-19 22:30:58.41
286,IPEKE,XI_29,Seri XI No:29 Konsolide Olmayan,2025-10-19 20:08:32.818,2025-10-19 22:30:59.794
287,ISATR,UFRS_K,Konsolide UFRS,2025-10-19 20:08:34.275,2025-10-19 22:31:01.265
288,ISBIR,XI_29,Seri XI No:29 Konsolide Olmayan,2025-10-19 20:08:35.677,2025-10-19 22:31:02.693
289,ISBTR,UFRS_K,Konsolide UFRS,2025-10-19 20:08:37.117,2025-10-19 22:31:04.125
290,ISCTR,UFRS_K,Konsolide UFRS,2025-10-19 20:08:38.732,2025-10-19 22:31:05.147
291,ISDMR,XI_29,Seri XI No:29 Konsolide Olmayan,2025-10-19 20:08:40.133,2025-10-19 22:31:06.475
292,ISFIN,XI_29K,Seri XI No:29 Konsolide,2025-10-19 20:08:41.64,2025-10-19 22:31:07.912
293,ISGSY,XI_29,Seri XI No:29 Konsolide Olmayan,2025-10-19 20:08:43.163,2025-10-19 22:31:09.324
294,ISGYO,XI_29,Seri XI No:29 Konsolide Olmayan,2025-10-19 20:08:44.847,2025-10-19 22:31:10.776
295,ISKPL,XI_29,Seri XI No:29 Konsolide Olmayan,2025-10-19 20:08:46.265,2025-10-19 22:31:12.176
296,ISMEN,XI_29,Seri XI No:29 Konsolide Olmayan,2025-10-19 20:08:49.047,2025-10-19 22:31:14.798
297,ISSEN,XI_29,Seri XI No:29 Konsolide Olmayan,2025-10-19 20:08:50.575,2025-10-19 22:31:16.206
298,ISYAT,XI_29,Seri XI No:29 Konsolide Olmayan,2025-10-19 20:08:52.105,2025-10-19 22:31:17.63
299,IZENR,XI_29,Seri XI No:29 Konsolide Olmayan,2025-10-19 20:08:53.514,2025-10-19 22:31:19.073
300,IZFAS,XI_29,Seri XI No:29 Konsolide Olmayan,2025-10-19 20:08:55.001,2025-10-19 22:31:20.436
301,IZINV,XI_29,Seri XI No:29 Konsolide Olmayan,2025-10-19 20:08:56.431,2025-10-19 22:31:21.832
302,IZMDC,XI_29,Seri XI No:29 Konsolide Olmayan,2025-10-19 20:08:57.979,2025-10-19 22:31:23.142
303,JANTS,XI_29,Seri XI No:29 Konsolide Olmayan,2025-10-19 20:08:59.543,2025-10-19 22:31:24.5
304,KAPLM,XI_29,Seri XI No:29 Konsolide Olmayan,2025-10-19 20:09:01.003,2025-10-19 22:31:25.95
305,KAREL,XI_29,Seri XI No:29 Konsolide Olmayan,2025-10-19 20:09:02.412,2025-10-19 22:31:27.327
306,KARSN,XI_29,Seri XI No:29 Konsolide Olmayan,2025-10-19 20:09:03.802,2025-10-19 22:31:28.785
307,KARTN,XI_29,Seri XI No:29 Konsolide Olmayan,2025-10-19 20:09:05.239,2025-10-19 22:31:30.354
308,KATMR,XI_29,Seri XI No:29 Konsolide Olmayan,2025-10-19 20:09:06.707,2025-10-19 22:31:31.769
309,KAYSE,XI_29,Seri XI No:29 Konsolide Olmayan,2025-10-19 20:09:08.139,2025-10-19 22:31:33.202
310,KBORU,XI_29,Seri XI No:29 Konsolide Olmayan,2025-10-19 20:09:09.566,2025-10-19 22:31:34.627
311,KCAER,XI_29,Seri XI No:29 Konsolide Olmayan,2025-10-19 20:09:10.95,2025-10-19 22:31:35.973
312,KCHOL,XI_29,Seri XI No:29 Konsolide Olmayan,2025-10-19 20:09:12.445,2025-10-19 22:31:37.942
313,KENT,XI_29,Seri XI No:29 Konsolide Olmayan,2025-10-19 20:09:13.884,2025-10-19 22:31:39.468
314,KERVN,XI_29,Seri XI No:29 Konsolide Olmayan,2025-10-19 20:09:15.285,2025-10-19 22:31:40.883
315,KFEIN,XI_29,Seri XI No:29 Konsolide Olmayan,2025-10-19 20:09:16.698,2025-10-19 22:31:42.311
316,KGYO,XI_29,Seri XI No:29 Konsolide Olmayan,2025-10-19 20:09:18.138,2025-10-19 22:31:43.752
317,KIMMR,XI_29,Seri XI No:29 Konsolide Olmayan,2025-10-19 20:09:19.606,2025-10-19 22:31:45.219
318,KLGYO,XI_29,Seri XI No:29 Konsolide Olmayan,2025-10-19 20:09:21.255,2025-10-19 22:31:46.591
319,KLKIM,XI_29,Seri XI No:29 Konsolide Olmayan,2025-10-19 20:09:22.667,2025-10-19 22:31:48.026
320,KLMSN,XI_29,Seri XI No:29 Konsolide Olmayan,2025-10-19 20:09:24.165,2025-10-19 22:31:49.403
321,KLNMA,UFRS_K,Konsolide UFRS,2025-10-19 20:09:25.585,2025-10-19 22:31:50.88
322,KLRHO,XI_29,Seri XI No:29 Konsolide Olmayan,2025-10-19 20:09:27.071,2025-10-19 22:31:52.353
323,KLSER,XI_29,Seri XI No:29 Konsolide Olmayan,2025-10-19 20:09:28.431,2025-10-19 22:31:53.662
324,KLSYN,XI_29,Seri XI No:29 Konsolide Olmayan,2025-10-19 20:09:29.883,2025-10-19 22:31:55.326
325,KLYPV,XI_29,Seri XI No:29 Konsolide Olmayan,2025-10-19 20:09:31.333,2025-10-19 22:31:56.739
326,KMPUR,XI_29,Seri XI No:29 Konsolide Olmayan,2025-10-19 20:09:32.886,2025-10-19 22:31:58.164
327,KNFRT,XI_29,Seri XI No:29 Konsolide Olmayan,2025-10-19 20:09:34.379,2025-10-19 22:31:59.283
328,KOCMT,XI_29,Seri XI No:29 Konsolide Olmayan,2025-10-19 20:09:36.094,2025-10-19 22:32:00.708
329,KONKA,XI_29,Seri XI No:29 Konsolide Olmayan,2025-10-19 20:09:37.531,2025-10-19 22:32:02.183
330,KONTR,XI_29,Seri XI No:29 Konsolide Olmayan,2025-10-19 20:09:39.05,2025-10-19 22:32:03.534
331,KONYA,XI_29,Seri XI No:29 Konsolide Olmayan,2025-10-19 20:09:40.635,2025-10-19 22:32:05.066
332,KOPOL,XI_29,Seri XI No:29 Konsolide Olmayan,2025-10-19 20:09:42.146,2025-10-19 22:32:06.427
333,KORDS,XI_29,Seri XI No:29 Konsolide Olmayan,2025-10-19 20:09:43.824,2025-10-19 22:32:07.78
334,KOTON,XI_29,Seri XI No:29 Konsolide Olmayan,2025-10-19 20:09:45.349,2025-10-19 22:32:09.163
335,KOZAA,XI_29,Seri XI No:29 Konsolide Olmayan,2025-10-19 20:09:46.937,2025-10-19 22:32:10.563
336,KOZAL,XI_29,Seri XI No:29 Konsolide Olmayan,2025-10-19 20:09:48.233,2025-10-19 22:32:12.024
337,KRDMA,XI_29,Seri XI No:29 Konsolide Olmayan,2025-10-19 20:09:49.681,2025-10-19 22:32:13.448
338,KRDMB,XI_29,Seri XI No:29 Konsolide Olmayan,2025-10-19 20:09:51.227,2025-10-19 22:32:14.877
339,KRDMD,XI_29,Seri XI No:29 Konsolide Olmayan,2025-10-19 20:09:52.708,2025-10-19 22:32:16.043
340,KRGYO,XI_29,Seri XI No:29 Konsolide Olmayan,2025-10-19 20:09:54.253,2025-10-19 22:32:17.401
341,KRONT,XI_29,Seri XI No:29 Konsolide Olmayan,2025-10-19 20:09:55.852,2025-10-19 22:32:18.789
342,KRPLS,XI_29,Seri XI No:29 Konsolide Olmayan,2025-10-19 20:09:57.444,2025-10-19 22:32:20.17
343,KRSTL,XI_29,Seri XI No:29 Konsolide Olmayan,2025-10-19 20:09:59.127,2025-10-19 22:32:21.619
344,KRTEK,XI_29,Seri XI No:29 Konsolide Olmayan,2025-10-19 20:10:00.868,2025-10-19 22:32:23.094
345,KRVGD,XI_29,Seri XI No:29 Konsolide Olmayan,2025-10-19 20:10:02.581,2025-10-19 22:32:24.512
346,KSTUR,XI_29,Seri XI No:29 Konsolide Olmayan,2025-10-19 20:10:04.25,2025-10-19 22:32:25.912
347,KTLEV,XI_29K,Seri XI No:29 Konsolide,2025-10-19 20:10:05.781,2025-10-19 22:32:27.229
348,KTSKR,XI_29,Seri XI No:29 Konsolide Olmayan,2025-10-19 20:10:07.473,2025-10-19 22:32:28.62
349,KUTPO,XI_29,Seri XI No:29 Konsolide Olmayan,2025-10-19 20:10:09.12,2025-10-19 22:32:30.051
350,KUVVA,XI_29,Seri XI No:29 Konsolide Olmayan,2025-10-19 20:10:10.695,2025-10-19 22:32:31.53
351,KUYAS,XI_29,Seri XI No:29 Konsolide Olmayan,2025-10-19 20:10:12.17,2025-10-19 22:32:32.942
352,KZBGY,XI_29,Seri XI No:29 Konsolide Olmayan,2025-10-19 20:10:13.763,2025-10-19 22:32:34.348
353,KZGYO,XI_29,Seri XI No:29 Konsolide Olmayan,2025-10-19 20:10:15.305,2025-10-19 22:32:35.773
354,LIDER,XI_29,Seri XI No:29 Konsolide Olmayan,2025-10-19 20:10:16.945,2025-10-19 22:32:37.403
355,LIDFA,XI_29K,Seri XI No:29 Konsolide,2025-10-19 20:10:18.71,2025-10-19 22:32:38.842
356,LILAK,XI_29,Seri XI No:29 Konsolide Olmayan,2025-10-19 20:10:20.484,2025-10-19 22:32:40.285
357,LINK,XI_29,Seri XI No:29 Konsolide Olmayan,2025-10-19 20:10:22.019,2025-10-19 22:32:41.702
358,LKMNH,XI_29,Seri XI No:29 Konsolide Olmayan,2025-10-19 20:10:24.196,2025-10-19 22:32:43.049
359,LMKDC,XI_29,Seri XI No:29 Konsolide Olmayan,2025-10-19 20:10:25.696,2025-10-19 22:32:44.334
360,LOGO,XI_29,Seri XI No:29 Konsolide Olmayan,2025-10-19 20:10:27.343,2025-10-19 22:32:45.444
361,LRSHO,XI_29,Seri XI No:29 Konsolide Olmayan,2025-10-19 20:10:28.898,2025-10-19 22:32:46.829
362,LUKSK,XI_29,Seri XI No:29 Konsolide Olmayan,2025-10-19 20:10:31.616,2025-10-19 22:32:47.789
363,LYDHO,XI_29,Seri XI No:29 Konsolide Olmayan,2025-10-19 20:10:33.314,2025-10-19 22:32:49.102
364,LYDYE,XI_29,Seri XI No:29 Konsolide Olmayan,2025-10-19 20:10:34.903,2025-10-19 22:32:50.827
365,MAALT,XI_29,Seri XI No:29 Konsolide Olmayan,2025-10-19 20:10:36.427,2025-10-19 22:32:52.257
366,MACKO,XI_29,Seri XI No:29 Konsolide Olmayan,2025-10-19 20:10:38.066,2025-10-19 22:32:53.613
367,MAGEN,XI_29,Seri XI No:29 Konsolide Olmayan,2025-10-19 20:10:39.689,2025-10-19 22:32:54.988
368,MAKIM,XI_29,Seri XI No:29 Konsolide Olmayan,2025-10-19 20:10:41.114,2025-10-19 22:32:56.399
369,MAKTK,XI_29,Seri XI No:29 Konsolide Olmayan,2025-10-19 20:10:42.751,2025-10-19 22:32:57.719
370,MANAS,XI_29,Seri XI No:29 Konsolide Olmayan,2025-10-19 20:10:44.481,2025-10-19 22:32:59.056
371,MARBL,XI_29,Seri XI No:29 Konsolide Olmayan,2025-10-19 20:10:46.1,2025-10-19 22:33:00.461
372,MARKA,XI_29,Seri XI No:29 Konsolide Olmayan,2025-10-19 20:10:47.783,2025-10-19 22:33:01.839
373,MARTI,XI_29,Seri XI No:29 Konsolide Olmayan,2025-10-19 20:10:50.313,2025-10-19 22:33:04.562
374,MAVI,XI_29,Seri XI No:29 Konsolide Olmayan,2025-10-19 20:10:51.986,2025-10-19 22:33:06.078
375,MEDTR,XI_29,Seri XI No:29 Konsolide Olmayan,2025-10-19 20:10:53.714,2025-10-19 22:33:07.445
376,MEGAP,XI_29,Seri XI No:29 Konsolide Olmayan,2025-10-19 20:10:55.329,2025-10-19 22:33:08.845
377,MEGMT,XI_29,Seri XI No:29 Konsolide Olmayan,2025-10-19 20:10:56.556,2025-10-19 22:33:10.18
378,MEKAG,XI_29,Seri XI No:29 Konsolide Olmayan,2025-10-19 20:10:58.251,2025-10-19 22:33:11.452
379,MEPET,XI_29,Seri XI No:29 Konsolide Olmayan,2025-10-19 20:11:00.067,2025-10-19 22:33:12.856
380,MERCN,XI_29,Seri XI No:29 Konsolide Olmayan,2025-10-19 20:11:01.84,2025-10-19 22:33:14.262
381,MERIT,XI_29,Seri XI No:29 Konsolide Olmayan,2025-10-19 20:11:03.53,2025-10-19 22:33:15.678
382,MERKO,XI_29,Seri XI No:29 Konsolide Olmayan,2025-10-19 20:11:05.202,2025-10-19 22:33:17.262
383,METRO,XI_29,Seri XI No:29 Konsolide Olmayan,2025-10-19 20:11:06.905,2025-10-19 22:33:18.689
384,MGROS,XI_29,Seri XI No:29 Konsolide Olmayan,2025-10-19 20:11:08.616,2025-10-19 22:33:20.102
385,MHRGY,XI_29,Seri XI No:29 Konsolide Olmayan,2025-10-19 20:11:10.25,2025-10-19 22:33:21.437
386,MIATK,XI_29,Seri XI No:29 Konsolide Olmayan,2025-10-19 20:11:13.487,2025-10-19 22:33:22.763
387,MMCAS,XI_29,Seri XI No:29 Konsolide Olmayan,2025-10-19 20:11:15.189,2025-10-19 22:33:24.176
388,MNDRS,XI_29,Seri XI No:29 Konsolide Olmayan,2025-10-19 20:11:16.731,2025-10-19 22:33:25.527
389,MNDTR,XI_29,Seri XI No:29 Konsolide Olmayan,2025-10-19 20:11:18.394,2025-10-19 22:33:26.989
390,MOBTL,XI_29,Seri XI No:29 Konsolide Olmayan,2025-10-19 20:11:20.008,2025-10-19 22:33:28.482
391,MOGAN,XI_29,Seri XI No:29 Konsolide Olmayan,2025-10-19 20:11:21.885,2025-10-19 22:33:29.584
392,MOPAS,XI_29,Seri XI No:29 Konsolide Olmayan,2025-10-19 20:11:23.424,2025-10-19 22:33:30.958
393,MPARK,XI_29,Seri XI No:29 Konsolide Olmayan,2025-10-19 20:11:25.107,2025-10-19 22:33:33.109
394,MRGYO,XI_29,Seri XI No:29 Konsolide Olmayan,2025-10-19 20:11:26.625,2025-10-19 22:33:34.419
395,MRSHL,XI_29,Seri XI No:29 Konsolide Olmayan,2025-10-19 20:11:28.339,2025-10-19 22:33:35.851
396,MSGYO,XI_29,Seri XI No:29 Konsolide Olmayan,2025-10-19 20:11:29.847,2025-10-19 22:33:37.206
397,MTRKS,XI_29,Seri XI No:29 Konsolide Olmayan,2025-10-19 20:11:31.377,2025-10-19 22:33:38.576
398,MTRYO,XI_29,Seri XI No:29 Konsolide Olmayan,2025-10-19 20:11:32.906,2025-10-19 22:33:40.026
399,MZHLD,XI_29,Seri XI No:29 Konsolide Olmayan,2025-10-19 20:11:34.556,2025-10-19 22:33:41.445
400,NATEN,XI_29,Seri XI No:29 Konsolide Olmayan,2025-10-19 20:11:36.104,2025-10-19 22:33:42.814
401,NETAS,XI_29,Seri XI No:29 Konsolide Olmayan,2025-10-19 20:11:37.706,2025-10-19 22:33:44.263
402,NIBAS,XI_29,Seri XI No:29 Konsolide Olmayan,2025-10-19 20:11:39.224,2025-10-19 22:33:45.764
403,NTGAZ,XI_29,Seri XI No:29 Konsolide Olmayan,2025-10-19 20:11:40.861,2025-10-19 22:33:47.14
404,NTHOL,XI_29,Seri XI No:29 Konsolide Olmayan,2025-10-19 20:11:42.356,2025-10-19 22:33:48.514
405,NUGYO,XI_29,Seri XI No:29 Konsolide Olmayan,2025-10-19 20:11:44.099,2025-10-19 22:33:49.883
406,NUHCM,XI_29,Seri XI No:29 Konsolide Olmayan,2025-10-19 20:11:45.672,2025-10-19 22:33:51.338
407,OBAMS,XI_29,Seri XI No:29 Konsolide Olmayan,2025-10-19 20:11:47.416,2025-10-19 22:33:52.745
408,OBASE,XI_29,Seri XI No:29 Konsolide Olmayan,2025-10-19 20:11:49.109,2025-10-19 22:33:54.101
409,ODAS,XI_29,Seri XI No:29 Konsolide Olmayan,2025-10-19 20:11:51.043,2025-10-19 22:33:55.433
410,ODINE,XI_29,Seri XI No:29 Konsolide Olmayan,2025-10-19 20:11:52.722,2025-10-19 22:33:56.78
411,OFSYM,XI_29,Seri XI No:29 Konsolide Olmayan,2025-10-19 20:11:54.209,2025-10-19 22:33:58.204
412,ONCSM,XI_29,Seri XI No:29 Konsolide Olmayan,2025-10-19 20:11:55.833,2025-10-19 22:33:59.574
413,ONRYT,XI_29,Seri XI No:29 Konsolide Olmayan,2025-10-19 20:11:57.431,2025-10-19 22:34:00.98
414,ORCAY,XI_29,Seri XI No:29 Konsolide Olmayan,2025-10-19 20:11:58.954,2025-10-19 22:34:02.44
415,ORGE,XI_29,Seri XI No:29 Konsolide Olmayan,2025-10-19 20:12:00.738,2025-10-19 22:34:03.82
416,ORMA,XI_29,Seri XI No:29 Konsolide Olmayan,2025-10-19 20:12:02.435,2025-10-19 22:34:04.831
417,OSMEN,XI_29,Seri XI No:29 Konsolide Olmayan,2025-10-19 20:12:04.196,2025-10-19 22:34:06.184
418,OSTIM,XI_29,Seri XI No:29 Konsolide Olmayan,2025-10-19 20:12:05.749,2025-10-19 22:34:07.599
419,OTKAR,XI_29,Seri XI No:29 Konsolide Olmayan,2025-10-19 20:12:07.473,2025-10-19 22:34:09.081
420,OTTO,XI_29,Seri XI No:29 Konsolide Olmayan,2025-10-19 20:12:09.164,2025-10-19 22:34:10.589
421,OYAKC,XI_29,Seri XI No:29 Konsolide Olmayan,2025-10-19 20:12:10.904,2025-10-19 22:34:11.624
422,OYAYO,XI_29,Seri XI No:29 Konsolide Olmayan,2025-10-19 20:12:12.407,2025-10-19 22:34:13.046
423,OYLUM,XI_29,Seri XI No:29 Konsolide Olmayan,2025-10-19 20:12:14.046,2025-10-19 22:34:14.506
424,OYYAT,XI_29,Seri XI No:29 Konsolide Olmayan,2025-10-19 20:12:15.862,2025-10-19 22:34:15.978
425,OZATD,XI_29,Seri XI No:29 Konsolide Olmayan,2025-10-19 20:12:17.502,2025-10-19 22:34:17.406
426,OZGYO,XI_29,Seri XI No:29 Konsolide Olmayan,2025-10-19 20:12:19.015,2025-10-19 22:34:18.742
427,OZKGY,XI_29,Seri XI No:29 Konsolide Olmayan,2025-10-19 20:12:20.628,2025-10-19 22:34:20.231
428,OZRDN,XI_29,Seri XI No:29 Konsolide Olmayan,2025-10-19 20:12:22.305,2025-10-19 22:34:21.614
429,OZSUB,XI_29,Seri XI No:29 Konsolide Olmayan,2025-10-19 20:12:23.953,2025-10-19 22:34:23.086
430,OZYSR,XI_29,Seri XI No:29 Konsolide Olmayan,2025-10-19 20:12:25.448,2025-10-19 22:34:24.52
431,PAGYO,XI_29,Seri XI No:29 Konsolide Olmayan,2025-10-19 20:12:27.075,2025-10-19 22:34:25.956
432,PAMEL,XI_29,Seri XI No:29 Konsolide Olmayan,2025-10-19 20:12:28.64,2025-10-19 22:34:27.469
433,PAPIL,XI_29,Seri XI No:29 Konsolide Olmayan,2025-10-19 20:12:30.194,2025-10-19 22:34:28.856
434,PARSN,XI_29,Seri XI No:29 Konsolide Olmayan,2025-10-19 20:12:31.743,2025-10-19 22:34:30.225
435,PASEU,XI_29,Seri XI No:29 Konsolide Olmayan,2025-10-19 20:12:33.436,2025-10-19 22:34:31.689
436,PATEK,XI_29,Seri XI No:29 Konsolide Olmayan,2025-10-19 20:12:35.003,2025-10-19 22:34:32.746
437,PCILT,XI_29,Seri XI No:29 Konsolide Olmayan,2025-10-19 20:12:36.735,2025-10-19 22:34:34.142
438,PEKGY,XI_29,Seri XI No:29 Konsolide Olmayan,2025-10-19 20:12:38.227,2025-10-19 22:34:35.468
439,PENGD,XI_29,Seri XI No:29 Konsolide Olmayan,2025-10-19 20:12:39.719,2025-10-19 22:34:36.834
440,PENTA,XI_29,Seri XI No:29 Konsolide Olmayan,2025-10-19 20:12:41.348,2025-10-19 22:34:38.328
441,PETKM,XI_29,Seri XI No:29 Konsolide Olmayan,2025-10-19 20:12:43.077,2025-10-19 22:34:39.408
442,PETUN,XI_29,Seri XI No:29 Konsolide Olmayan,2025-10-19 20:12:44.618,2025-10-19 22:34:40.834
443,PGSUS,XI_29,Seri XI No:29 Konsolide Olmayan,2025-10-19 20:12:46.311,2025-10-19 22:34:42.452
444,PINSU,XI_29,Seri XI No:29 Konsolide Olmayan,2025-10-19 20:12:47.906,2025-10-19 22:34:43.883
445,PKART,XI_29,Seri XI No:29 Konsolide Olmayan,2025-10-19 20:12:49.439,2025-10-19 22:34:45.311
446,PKENT,XI_29,Seri XI No:29 Konsolide Olmayan,2025-10-19 20:12:50.986,2025-10-19 22:34:46.654
447,PLTUR,XI_29,Seri XI No:29 Konsolide Olmayan,2025-10-19 20:12:52.488,2025-10-19 22:34:48.034
448,PNLSN,XI_29,Seri XI No:29 Konsolide Olmayan,2025-10-19 20:12:54.122,2025-10-19 22:34:49.35
449,PNSUT,XI_29,Seri XI No:29 Konsolide Olmayan,2025-10-19 20:12:55.809,2025-10-19 22:34:50.837
450,POLHO,XI_29,Seri XI No:29 Konsolide Olmayan,2025-10-19 20:12:57.403,2025-10-19 22:34:52.282
451,POLTK,XI_29,Seri XI No:29 Konsolide Olmayan,2025-10-19 20:12:58.874,2025-10-19 22:34:53.656
452,PRDGS,XI_29,Seri XI No:29 Konsolide Olmayan,2025-10-19 20:13:00.436,2025-10-19 22:34:55.165
453,PRKAB,XI_29,Seri XI No:29 Konsolide Olmayan,2025-10-19 20:13:02.088,2025-10-19 22:34:56.263
454,PRKME,XI_29,Seri XI No:29 Konsolide Olmayan,2025-10-19 20:13:03.663,2025-10-19 22:34:57.908
455,PRZMA,XI_29,Seri XI No:29 Konsolide Olmayan,2025-10-19 20:13:05.182,2025-10-19 22:34:59.42
456,PSDTC,XI_29,Seri XI No:29 Konsolide Olmayan,2025-10-19 20:13:06.679,2025-10-19 22:35:00.921
457,PSGYO,XI_29,Seri XI No:29 Konsolide Olmayan,2025-10-19 20:13:08.53,2025-10-19 22:35:02.105
458,QNBFK,XI_29K,Seri XI No:29 Konsolide,2025-10-19 20:13:10.202,2025-10-19 22:35:03.545
459,QNBTR,UFRS_K,Konsolide UFRS,2025-10-19 20:13:11.717,2025-10-19 22:35:04.929
460,QUAGR,XI_29,Seri XI No:29 Konsolide Olmayan,2025-10-19 20:13:13.31,2025-10-19 22:35:06.35
461,RALYH,XI_29,Seri XI No:29 Konsolide Olmayan,2025-10-19 20:13:15.159,2025-10-19 22:35:07.741
462,RAYSG,UFRS,Konsolide Olmayan UFRS,2025-10-19 20:13:16.82,2025-10-19 22:35:09.396
463,REEDR,XI_29,Seri XI No:29 Konsolide Olmayan,2025-10-19 20:13:18.371,2025-10-19 22:35:10.817
464,RGYAS,XI_29,Seri XI No:29 Konsolide Olmayan,2025-10-19 20:13:20.447,2025-10-19 22:35:12.323
465,RNPOL,XI_29,Seri XI No:29 Konsolide Olmayan,2025-10-19 20:13:22.082,2025-10-19 22:35:13.705
466,RODRG,XI_29,Seri XI No:29 Konsolide Olmayan,2025-10-19 20:13:24.231,2025-10-19 22:35:15.126
467,ROYAL,XI_29,Seri XI No:29 Konsolide Olmayan,2025-10-19 20:13:26.211,2025-10-19 22:35:16.524
468,RTALB,XI_29,Seri XI No:29 Konsolide Olmayan,2025-10-19 20:13:28.019,2025-10-19 22:35:18.183
469,RUBNS,XI_29,Seri XI No:29 Konsolide Olmayan,2025-10-19 20:13:29.861,2025-10-19 22:35:19.58
470,RUZYE,XI_29,Seri XI No:29 Konsolide Olmayan,2025-10-19 20:13:32.076,2025-10-19 22:35:21.037
471,RYGYO,XI_29,Seri XI No:29 Konsolide Olmayan,2025-10-19 20:13:33.677,2025-10-19 22:35:22.099
472,RYSAS,XI_29,Seri XI No:29 Konsolide Olmayan,2025-10-19 20:13:35.464,2025-10-19 22:35:23.511
473,SAFKR,XI_29,Seri XI No:29 Konsolide Olmayan,2025-10-19 20:13:37.084,2025-10-19 22:35:24.906
474,SAHOL,XI_29,Seri XI No:29 Konsolide Olmayan,2025-10-19 20:13:39.444,2025-10-19 22:35:26.33
475,SAMAT,XI_29,Seri XI No:29 Konsolide Olmayan,2025-10-19 20:13:41.73,2025-10-19 22:35:27.392
476,SANEL,XI_29,Seri XI No:29 Konsolide Olmayan,2025-10-19 20:13:43.551,2025-10-19 22:35:28.817
477,SANFM,XI_29,Seri XI No:29 Konsolide Olmayan,2025-10-19 20:13:45.245,2025-10-19 22:35:30.368
478,SANKO,XI_29,Seri XI No:29 Konsolide Olmayan,2025-10-19 20:13:46.985,2025-10-19 22:35:31.802
479,SARKY,XI_29,Seri XI No:29 Konsolide Olmayan,2025-10-19 20:13:48.938,2025-10-19 22:35:33.355
480,SASA,XI_29,Seri XI No:29 Konsolide Olmayan,2025-10-19 20:13:50.585,2025-10-19 22:35:34.86
481,SAYAS,XI_29,Seri XI No:29 Konsolide Olmayan,2025-10-19 20:13:52.279,2025-10-19 22:35:36.308
482,SDTTR,XI_29,Seri XI No:29 Konsolide Olmayan,2025-10-19 20:13:54.087,2025-10-19 22:35:37.685
483,SEGMN,XI_29,Seri XI No:29 Konsolide Olmayan,2025-10-19 20:13:55.932,2025-10-19 22:35:39.063
484,SEGYO,XI_29,Seri XI No:29 Konsolide Olmayan,2025-10-19 20:13:57.499,2025-10-19 22:35:40.463
485,SEKFK,XI_29K,Seri XI No:29 Konsolide,2025-10-19 20:13:59.214,2025-10-19 22:35:41.865
486,SEKUR,XI_29,Seri XI No:29 Konsolide Olmayan,2025-10-19 20:14:00.946,2025-10-19 22:35:43.225
487,SELEC,XI_29,Seri XI No:29 Konsolide Olmayan,2025-10-19 20:14:03.009,2025-10-19 22:35:44.721
488,SELVA,XI_29,Seri XI No:29 Konsolide Olmayan,2025-10-19 20:14:04.455,2025-10-19 22:35:46.281
489,SERNT,XI_29,Seri XI No:29 Konsolide Olmayan,2025-10-19 20:14:06.045,2025-10-19 22:35:47.777
490,SEYKM,XI_29,Seri XI No:29 Konsolide Olmayan,2025-10-19 20:14:07.689,2025-10-19 22:35:49.175
491,SILVR,XI_29,Seri XI No:29 Konsolide Olmayan,2025-10-19 20:14:09.382,2025-10-19 22:35:50.62
492,SISE,XI_29,Seri XI No:29 Konsolide Olmayan,2025-10-19 20:14:11.126,2025-10-19 22:35:52.012
493,SKBNK,UFRS_K,Konsolide UFRS,2025-10-19 20:14:12.7,2025-10-19 22:35:53.515
494,SKTAS,XI_29,Seri XI No:29 Konsolide Olmayan,2025-10-19 20:14:14.261,2025-10-19 22:35:54.978
495,SKYLP,XI_29,Seri XI No:29 Konsolide Olmayan,2025-10-19 20:14:15.847,2025-10-19 22:35:56.378
496,SKYMD,XI_29,Seri XI No:29 Konsolide Olmayan,2025-10-19 20:14:17.426,2025-10-19 22:35:57.7
497,SMART,XI_29,Seri XI No:29 Konsolide Olmayan,2025-10-19 20:14:19.148,2025-10-19 22:35:59.076
498,SMRTG,XI_29,Seri XI No:29 Konsolide Olmayan,2025-10-19 20:14:20.762,2025-10-19 22:36:00.449
499,SMRVA,UFRS_B,UFRS: DO&CO K_Finansallar覺,2025-10-19 20:14:22.474,2025-10-19 22:36:01.896
500,SNGYO,XI_29,Seri XI No:29 Konsolide Olmayan,2025-10-19 20:14:24.059,2025-10-19 22:36:03.269
501,SNICA,XI_29,Seri XI No:29 Konsolide Olmayan,2025-10-19 20:14:25.826,2025-10-19 22:36:04.638
502,SNKRN,XI_29,Seri XI No:29 Konsolide Olmayan,2025-10-19 20:14:27.132,2025-10-19 22:36:06.018
503,SNPAM,XI_29,Seri XI No:29 Konsolide Olmayan,2025-10-19 20:14:28.68,2025-10-19 22:36:07.409
504,SODSN,XI_29,Seri XI No:29 Konsolide Olmayan,2025-10-19 20:14:30.197,2025-10-19 22:36:08.814
505,SOKE,XI_29,Seri XI No:29 Konsolide Olmayan,2025-10-19 20:14:31.884,2025-10-19 22:36:10.146
506,SOKM,XI_29,Seri XI No:29 Konsolide Olmayan,2025-10-19 20:14:33.577,2025-10-19 22:36:11.267
507,SONME,XI_29,Seri XI No:29 Konsolide Olmayan,2025-10-19 20:14:35.208,2025-10-19 22:36:12.664
508,SRVGY,XI_29,Seri XI No:29 Konsolide Olmayan,2025-10-19 20:14:36.955,2025-10-19 22:36:14.037
509,SUMAS,XI_29,Seri XI No:29 Konsolide Olmayan,2025-10-19 20:14:38.609,2025-10-19 22:36:15.517
510,SUNTK,XI_29,Seri XI No:29 Konsolide Olmayan,2025-10-19 20:14:40.185,2025-10-19 22:36:16.934
511,SURGY,XI_29,Seri XI No:29 Konsolide Olmayan,2025-10-19 20:14:41.825,2025-10-19 22:36:18.453
512,SUWEN,XI_29,Seri XI No:29 Konsolide Olmayan,2025-10-19 20:14:43.335,2025-10-19 22:36:19.863
513,TABGD,XI_29,Seri XI No:29 Konsolide Olmayan,2025-10-19 20:14:45.035,2025-10-19 22:36:21.336
514,TARKM,XI_29,Seri XI No:29 Konsolide Olmayan,2025-10-19 20:14:46.65,2025-10-19 22:36:22.791
515,TATEN,XI_29,Seri XI No:29 Konsolide Olmayan,2025-10-19 20:14:47.942,2025-10-19 22:36:24.105
516,TATGD,XI_29,Seri XI No:29 Konsolide Olmayan,2025-10-19 20:14:49.703,2025-10-19 22:36:25.46
517,TAVHL,XI_29,Seri XI No:29 Konsolide Olmayan,2025-10-19 20:14:51.485,2025-10-19 22:36:26.862
518,TBORG,XI_29,Seri XI No:29 Konsolide Olmayan,2025-10-19 20:14:53.255,2025-10-19 22:36:28.23
519,TCELL,XI_29,Seri XI No:29 Konsolide Olmayan,2025-10-19 20:14:55.027,2025-10-19 22:36:29.257
520,TCKRC,XI_29,Seri XI No:29 Konsolide Olmayan,2025-10-19 20:14:56.518,2025-10-19 22:36:30.654
521,TDGYO,XI_29,Seri XI No:29 Konsolide Olmayan,2025-10-19 20:14:58.317,2025-10-19 22:36:32.208
522,TEHOL,XI_29,Seri XI No:29 Konsolide Olmayan,2025-10-19 20:14:59.542,2025-10-19 22:36:33.562
523,TEKTU,XI_29,Seri XI No:29 Konsolide Olmayan,2025-10-19 20:15:01.123,2025-10-19 22:36:34.567
524,TERA,XI_29,Seri XI No:29 Konsolide Olmayan,2025-10-19 20:15:02.728,2025-10-19 22:36:35.883
525,TEZOL,XI_29,Seri XI No:29 Konsolide Olmayan,2025-10-19 20:15:04.426,2025-10-19 22:36:37.288
526,TGSAS,XI_29,Seri XI No:29 Konsolide Olmayan,2025-10-19 20:15:06.063,2025-10-19 22:36:38.909
527,THYAO,XI_29,Seri XI No:29 Konsolide Olmayan,2025-10-19 20:15:07.424,2025-10-19 22:36:39.985
528,TKFEN,XI_29,Seri XI No:29 Konsolide Olmayan,2025-10-19 20:15:08.686,2025-10-19 22:36:41.435
529,TKNSA,XI_29,Seri XI No:29 Konsolide Olmayan,2025-10-19 20:15:10.282,2025-10-19 22:36:42.893
530,TLMAN,XI_29,Seri XI No:29 Konsolide Olmayan,2025-10-19 20:15:11.972,2025-10-19 22:36:44.255
531,TMPOL,XI_29,Seri XI No:29 Konsolide Olmayan,2025-10-19 20:15:13.547,2025-10-19 22:36:45.707
532,TMSN,XI_29,Seri XI No:29 Konsolide Olmayan,2025-10-19 20:15:15.056,2025-10-19 22:36:47.303
533,TNZTP,XI_29,Seri XI No:29 Konsolide Olmayan,2025-10-19 20:15:16.597,2025-10-19 22:36:48.686
534,TOASO,XI_29,Seri XI No:29 Konsolide Olmayan,2025-10-19 20:15:18.639,2025-10-19 22:36:50.148
535,TRCAS,XI_29,Seri XI No:29 Konsolide Olmayan,2025-10-19 20:15:20.367,2025-10-19 22:36:51.555
536,TRGYO,XI_29,Seri XI No:29 Konsolide Olmayan,2025-10-19 20:15:22.108,2025-10-19 22:36:52.851
537,TRHOL,XI_29,Seri XI No:29 Konsolide Olmayan,2025-10-19 20:15:23.787,2025-10-19 22:36:54.269
538,TRILC,XI_29,Seri XI No:29 Konsolide Olmayan,2025-10-19 20:15:25.971,2025-10-19 22:36:55.66
539,TSGYO,XI_29,Seri XI No:29 Konsolide Olmayan,2025-10-19 20:15:27.677,2025-10-19 22:36:56.987
540,TSKB,UFRS_K,Konsolide UFRS,2025-10-19 20:15:29.347,2025-10-19 22:36:58.348
541,TSPOR,XI_29,Seri XI No:29 Konsolide Olmayan,2025-10-19 20:15:30.897,2025-10-19 22:36:59.749
542,TTKOM,XI_29,Seri XI No:29 Konsolide Olmayan,2025-10-19 20:15:32.749,2025-10-19 22:37:01.217
543,TTRAK,XI_29,Seri XI No:29 Konsolide Olmayan,2025-10-19 20:15:34.704,2025-10-19 22:37:02.616
544,TUCLK,XI_29,Seri XI No:29 Konsolide Olmayan,2025-10-19 20:15:36.016,2025-10-19 22:37:04.147
545,TUKAS,XI_29,Seri XI No:29 Konsolide Olmayan,2025-10-19 20:15:37.8,2025-10-19 22:37:05.489
546,TUPRS,XI_29,Seri XI No:29 Konsolide Olmayan,2025-10-19 20:15:39.251,2025-10-19 22:37:06.847
547,TUREX,XI_29,Seri XI No:29 Konsolide Olmayan,2025-10-19 20:15:40.925,2025-10-19 22:37:07.931
548,TURGG,XI_29,Seri XI No:29 Konsolide Olmayan,2025-10-19 20:15:42.593,2025-10-19 22:37:09.347
549,TURSG,UFRS_K,Konsolide UFRS,2025-10-19 20:15:44.135,2025-10-19 22:37:10.502
550,UFUK,XI_29,Seri XI No:29 Konsolide Olmayan,2025-10-19 20:15:45.764,2025-10-19 22:37:11.835
551,ULAS,XI_29,Seri XI No:29 Konsolide Olmayan,2025-10-19 20:15:47.369,2025-10-19 22:37:13.225
552,ULKER,XI_29,Seri XI No:29 Konsolide Olmayan,2025-10-19 20:15:49.037,2025-10-19 22:37:14.746
553,ULUFA,XI_29K,Seri XI No:29 Konsolide,2025-10-19 20:15:50.481,2025-10-19 22:37:15.829
554,ULUSE,XI_29,Seri XI No:29 Konsolide Olmayan,2025-10-19 20:15:52.066,2025-10-19 22:37:17.153
555,ULUUN,XI_29,Seri XI No:29 Konsolide Olmayan,2025-10-19 20:15:53.55,2025-10-19 22:37:18.675
556,UMPAS,XI_29,Seri XI No:29 Konsolide Olmayan,2025-10-19 20:15:55.13,2025-10-19 22:37:20.01
557,UNLU,XI_29,Seri XI No:29 Konsolide Olmayan,2025-10-19 20:15:56.694,2025-10-19 22:37:21.449
558,USAK,XI_29,Seri XI No:29 Konsolide Olmayan,2025-10-19 20:15:58.361,2025-10-19 22:37:22.794
559,VAKBN,UFRS_K,Konsolide UFRS,2025-10-19 20:16:00.013,2025-10-19 22:37:24.167
560,VAKFN,XI_29K,Seri XI No:29 Konsolide,2025-10-19 20:16:01.631,2025-10-19 22:37:25.265
561,VAKKO,XI_29,Seri XI No:29 Konsolide Olmayan,2025-10-19 20:16:03.279,2025-10-19 22:37:26.582
562,VANGD,XI_29,Seri XI No:29 Konsolide Olmayan,2025-10-19 20:16:04.933,2025-10-19 22:37:27.897
563,VBTYZ,XI_29,Seri XI No:29 Konsolide Olmayan,2025-10-19 20:16:06.47,2025-10-19 22:37:29.199
564,VERTU,XI_29,Seri XI No:29 Konsolide Olmayan,2025-10-19 20:16:08.23,2025-10-19 22:37:30.515
565,VERUS,XI_29,Seri XI No:29 Konsolide Olmayan,2025-10-19 20:16:09.902,2025-10-19 22:37:31.912
566,VESBE,XI_29,Seri XI No:29 Konsolide Olmayan,2025-10-19 20:16:11.498,2025-10-19 22:37:33.35
567,VESTL,XI_29,Seri XI No:29 Konsolide Olmayan,2025-10-19 20:16:13.087,2025-10-19 22:37:34.736
568,VKFYO,XI_29,Seri XI No:29 Konsolide Olmayan,2025-10-19 20:16:14.619,2025-10-19 22:37:36.043
569,VKGYO,XI_29,Seri XI No:29 Konsolide Olmayan,2025-10-19 20:16:16.337,2025-10-19 22:37:37.145
570,VKING,XI_29,Seri XI No:29 Konsolide Olmayan,2025-10-19 20:16:17.843,2025-10-19 22:37:38.583
571,VRGYO,XI_29,Seri XI No:29 Konsolide Olmayan,2025-10-19 20:16:20.657,2025-10-19 22:37:39.914
572,VSNMD,XI_29,Seri XI No:29 Konsolide Olmayan,2025-10-19 20:16:22.305,2025-10-19 22:37:41.23
573,YAPRK,XI_29,Seri XI No:29 Konsolide Olmayan,2025-10-19 20:16:24.222,2025-10-19 22:37:42.596
574,YATAS,XI_29,Seri XI No:29 Konsolide Olmayan,2025-10-19 20:16:26.063,2025-10-19 22:37:44.01
575,YAYLA,XI_29,Seri XI No:29 Konsolide Olmayan,2025-10-19 20:16:27.643,2025-10-19 22:37:45.434
576,YBTAS,XI_29,Seri XI No:29 Konsolide Olmayan,2025-10-19 20:16:29.18,2025-10-19 22:37:46.523
577,YEOTK,XI_29,Seri XI No:29 Konsolide Olmayan,2025-10-19 20:16:30.728,2025-10-19 22:37:47.895
578,YESIL,XI_29,Seri XI No:29 Konsolide Olmayan,2025-10-19 20:16:32.26,2025-10-19 22:37:49.361
579,YGGYO,XI_29,Seri XI No:29 Konsolide Olmayan,2025-10-19 20:16:33.779,2025-10-19 22:37:50.686
580,YGYO,XI_29,Seri XI No:29 Konsolide Olmayan,2025-10-19 20:16:35.267,2025-10-19 22:37:52.063
581,YIGIT,XI_29,Seri XI No:29 Konsolide Olmayan,2025-10-19 20:16:36.955,2025-10-19 22:37:53.136
582,YKBNK,UFRS_K,Konsolide UFRS,2025-10-19 20:16:38.658,2025-10-19 22:37:54.557
583,YKSLN,XI_29,Seri XI No:29 Konsolide Olmayan,2025-10-19 20:16:40.268,2025-10-19 22:37:55.902
584,YONGA,XI_29,Seri XI No:29 Konsolide Olmayan,2025-10-19 20:16:41.853,2025-10-19 22:37:57.232
585,YUNSA,XI_29,Seri XI No:29 Konsolide Olmayan,2025-10-19 20:16:43.629,2025-10-19 22:37:58.559
586,YYAPI,XI_29,Seri XI No:29 Konsolide Olmayan,2025-10-19 20:16:45.209,2025-10-19 22:37:59.893
587,YYLGD,XI_29,Seri XI No:29 Konsolide Olmayan,2025-10-19 20:16:46.772,2025-10-19 22:38:01.297
588,ZEDUR,XI_29,Seri XI No:29 Konsolide Olmayan,2025-10-19 20:16:48.375,2025-10-19 22:38:02.629
589,ZOREN,XI_29,Seri XI No:29 Konsolide Olmayan,2025-10-19 20:16:49.946,2025-10-19 22:38:03.977
590,ZRGYO,XI_29,Seri XI No:29 Konsolide Olmayan,2025-10-19 20:16:51.542,2025-10-19 22:38:05.388
